0.999607,1.98698e-06,0.000335949,5.48788e-05,
1,6.8319e-10,2.72491e-09,2.61272e-07,
1,1.18293e-08,1.64954e-08,3.7701e-07,
0.999999,4.47173e-08,5.50607e-08,1.02963e-06,
0.999893,1.00598e-06,7.43235e-05,3.15274e-05,
1,4.6357e-10,1.02134e-09,3.97258e-08,
1,8.50332e-10,2.52687e-09,1.32192e-07,
1,3.41813e-10,8.04957e-10,3.33561e-08,
1,3.94822e-09,7.46603e-09,2.22288e-07,
1,7.46564e-09,5.2323e-09,1.20919e-07,
1,3.36632e-09,7.61131e-09,2.69661e-07,
1,1.87225e-08,1.09752e-08,2.18369e-07,
0.999994,4.91201e-08,7.45325e-07,5.30272e-06,
0.999997,3.36317e-08,1.68482e-07,2.79643e-06,
1,8.1117e-09,1.5931e-08,4.63882e-07,
1,2.12823e-09,6.66353e-09,3.71927e-07,
1,2.53407e-09,7.68907e-09,4.01418e-07,
1,1.11214e-08,1.33674e-08,2.93115e-07,
1,5.60465e-09,8.98962e-09,2.35256e-07,
0.999999,1.01881e-08,1.97468e-08,5.54941e-07,
0.99999,1.63652e-07,1.71888e-06,7.62207e-06,
0.999999,1.43931e-09,6.12892e-09,5.50992e-07,
0.999994,2.31924e-07,5.03341e-07,5.10248e-06,
1,2.06881e-09,4.76188e-09,1.74726e-07,
0.999998,2.44211e-08,6.95649e-08,1.66082e-06,
1,1.85099e-09,3.99214e-09,1.37641e-07,
1,1.00467e-08,1.1483e-08,2.52474e-07,
0.983449,0.0126493,0.00267543,0.00122616,
0.999999,6.77494e-09,1.5633e-08,5.29964e-07,
1,7.33996e-10,1.97187e-09,8.75223e-08,
1,6.73076e-10,2.83828e-09,3.05537e-07,
0.999999,4.44441e-09,1.39812e-08,6.62087e-07,
0.999998,6.77317e-09,5.71032e-08,2.11779e-06,
0.999996,3.44417e-08,2.54217e-07,3.4164e-06,
0.999877,5.33261e-07,9.25438e-05,3.016e-05,
1,2.49305e-09,4.74337e-09,1.46124e-07,
0.978846,1.46976e-08,0.0199235,0.00123051,
0.997578,0.00208021,7.64338e-05,0.000265231,
0.999996,8.88934e-09,1.76387e-07,3.71114e-06,
0.999998,4.63581e-09,4.30096e-08,2.04242e-06,
1,6.6139e-08,1.35857e-08,2.63876e-07,
0.999943,2.40022e-06,2.46266e-05,2.97907e-05,
0.999998,6.09905e-08,1.16239e-07,2.09108e-06,
0.994927,2.98631e-05,0.0048166,0.000226892,
0.94048,0.00546681,0.0522202,0.00183266,
0.999997,7.23763e-09,1.18554e-07,3.20722e-06,
0.999999,1.41388e-08,2.12953e-08,4.95621e-07,
0.992814,0.000700384,0.00586475,0.000621138,
0.999995,9.7835e-10,4.35216e-08,4.68088e-06,
0.999975,3.05494e-06,3.43484e-06,1.81691e-05,
0.999999,1.83237e-08,3.91074e-08,1.02774e-06,
0.999999,2.34021e-08,3.93941e-08,9.05527e-07,
1,1.54741e-08,9.41969e-09,1.93237e-07,
0.999998,1.00551e-08,4.32865e-08,1.4909e-06,
0.999999,1.13775e-08,3.78341e-08,1.25247e-06,
0.999945,1.89089e-06,2.54595e-05,2.80498e-05,
1,5.75651e-09,6.49174e-09,1.54286e-07,
0.999569,7.47376e-05,0.000211575,0.000144744,
1,1.88692e-09,6.57493e-09,4.32319e-07,
0.999983,6.05909e-08,5.73948e-06,1.15683e-05,
1,1.90449e-08,1.07251e-08,2.13799e-07,
0.999941,4.55858e-06,2.03088e-05,3.43446e-05,
1,5.13707e-09,2.37973e-09,6.40392e-08,
0.998978,1.98943e-06,0.000947511,7.26703e-05,
1,1.92664e-08,1.57334e-08,3.05539e-07,
0.999998,1.1993e-08,5.4063e-08,1.67151e-06,
1,9.47821e-09,1.49366e-08,3.69793e-07,
0.999962,1.14417e-06,1.53676e-05,2.14759e-05,
1,9.20035e-09,1.64139e-08,4.40184e-07,
1,1.27487e-08,1.24161e-08,2.58842e-07,
1,2.71836e-10,1.11372e-09,1.09726e-07,
0.999977,4.47905e-06,2.20218e-06,1.58994e-05,
1,7.39809e-09,1.06194e-08,2.57573e-07,
0.997297,0.00053527,0.00173481,0.000433051,
1,3.3344e-08,1.68291e-08,3.06938e-07,
1,2.09398e-09,6.35431e-09,3.40124e-07,
0.99999,3.26468e-07,1.43265e-06,8.07096e-06,
0.999999,2.23653e-08,4.28183e-08,1.03798e-06,
1,3.27898e-09,3.38499e-09,8.81578e-08,
0.999998,5.51814e-08,1.29303e-07,2.29807e-06,
0.999998,1.97443e-08,5.47931e-08,1.43649e-06,
1,1.70384e-08,1.08903e-08,2.1834e-07,
0.999931,5.82501e-09,1.88776e-05,5.05569e-05,
0.999993,8.28507e-09,5.20159e-07,6.60793e-06,
1,2.73537e-09,7.44405e-09,3.3465e-07,
0.999998,2.96825e-08,7.26309e-08,1.63704e-06,
1,1.1873e-08,1.05692e-08,2.21875e-07,
0.999999,7.21056e-10,5.5499e-09,1.06974e-06,
1,1.04103e-08,1.19621e-08,2.62021e-07,
0.999999,3.15398e-08,4.18715e-08,8.41165e-07,
0.999999,1.35984e-08,4.45208e-08,1.35836e-06,
0.917093,0.00430514,0.0767571,0.00184494,
1,6.28058e-09,5.00873e-09,1.17906e-07,
0.999999,4.72266e-08,3.088e-08,5.20908e-07,
1,1.1796e-08,4.47316e-09,1.0595e-07,
0.999994,2.09928e-08,6.14785e-07,5.4242e-06,
1,1.3114e-09,2.97615e-09,1.0887e-07,
1,2.46832e-10,9.75953e-10,8.55323e-08,
0.999972,2.67684e-07,1.27804e-05,1.52305e-05,
0.999999,1.44416e-09,6.13669e-09,5.49814e-07,
0.999971,2.58806e-06,5.60642e-06,2.04839e-05,
1,6.23262e-09,1.05023e-08,2.79995e-07,
0.999998,2.94902e-08,7.31936e-08,1.6509e-06,
0.392099,1.76482e-07,0.607261,0.000639961,
0.999989,8.09608e-09,1.11567e-06,9.79589e-06,
0.999765,8.34134e-05,4.93893e-05,0.000102553,
0.999984,6.85428e-07,3.19752e-06,1.22371e-05,
1,7.73426e-10,2.23651e-09,1.11056e-07,
0.999893,3.93463e-09,2.79602e-05,7.87201e-05,
0.999998,4.87901e-09,3.0552e-08,1.53803e-06,
0.999999,5.69088e-11,6.49715e-10,9.43675e-07,
1,1.84395e-08,1.00274e-08,2.02076e-07,
0.999995,6.27695e-08,5.77903e-07,4.78432e-06,
1,9.05133e-09,1.40936e-08,3.48095e-07,
1,1.66138e-08,1.95091e-08,4.05299e-07,
0.999995,2.71843e-09,1.39378e-07,5.35085e-06,
0.994322,0.0019712,0.00298238,0.000724638,
0.999988,4.40589e-07,1.99329e-06,9.5594e-06,
1,1.02576e-09,2.28208e-09,8.30526e-08,
1,6.3679e-09,1.05671e-08,2.78679e-07,
0.999978,5.32428e-09,2.8617e-06,1.94364e-05,
1,5.52754e-10,1.16686e-09,4.37153e-08,
0.999994,4.69111e-09,2.7425e-07,5.99937e-06,
0.999999,6.86546e-08,4.88185e-08,7.8057e-07,
0.999997,9.72402e-08,1.7062e-07,2.65845e-06,
1,2.15732e-09,3.50494e-09,1.01869e-07,
0.999969,2.07314e-08,1.09047e-05,2.04674e-05,
1,4.18203e-09,6.53992e-09,1.74028e-07,
1,9.84416e-09,1.68886e-08,4.38537e-07,
1,2.39298e-09,4.66851e-09,1.46671e-07,
1,1.18484e-08,6.53925e-09,1.43126e-07,
1,2.3204e-08,2.13369e-08,4.06026e-07,
0.999974,1.91317e-06,5.4198e-06,1.86765e-05,
1,4.62324e-09,6.00816e-09,1.50067e-07,
1,4.26468e-12,3.84111e-11,2.67746e-08,
0.998355,7.1554e-06,0.00152555,0.00011251,
0.999998,1.15608e-08,7.52829e-08,2.1243e-06,
0.999998,3.99044e-08,7.70113e-08,1.59181e-06,
0.997641,4.53152e-05,0.00210086,0.000212384,
0.999252,1.65234e-05,0.000615385,0.000116309,
1,5.55992e-09,9.42412e-09,2.54432e-07,
1,1.18244e-09,2.21104e-09,7.23512e-08,
0.99999,7.61498e-08,2.28142e-06,8.01532e-06,
0.999996,5.94515e-08,3.78783e-07,4.02258e-06,
0.980047,6.93962e-09,0.0180411,0.00191222,
1,1.69951e-08,1.18718e-08,2.36377e-07,
1,6.47413e-09,1.24325e-08,3.62751e-07,
1,2.47223e-09,6.57356e-09,2.88521e-07,
1,6.2285e-09,6.55593e-09,1.53254e-07,
0.999997,1.77734e-09,2.89678e-08,2.53285e-06,
0.999999,1.51193e-08,2.24491e-08,5.15236e-07,
0.929546,9.94573e-05,0.0697529,0.000601211,
0.999999,7.21742e-08,5.43282e-08,8.66327e-07,
0.999988,1.81489e-07,2.86627e-06,9.11448e-06,
1,1.69319e-08,1.91113e-08,3.92213e-07,
0.999999,5.28372e-09,1.87048e-08,8.80779e-07,
0.999994,1.29358e-08,5.66856e-07,5.91412e-06,
1,3.21581e-09,2.6581e-09,7.07434e-08,
0.999999,2.64283e-08,3.06036e-08,6.00025e-07,
0.999999,6.15881e-09,2.22132e-08,9.82349e-07,
0.999999,5.25313e-09,1.52093e-08,6.47819e-07,
1,3.12222e-09,8.10167e-09,3.3912e-07,
1,5.87553e-09,4.22133e-09,1.01792e-07,
1,6.06814e-09,8.86142e-09,2.2088e-07,
0.999999,4.39412e-09,2.49987e-08,1.36387e-06,
1,5.21441e-09,5.08948e-09,1.22423e-07,
0.999999,1.40104e-08,2.47003e-08,6.27858e-07,
0.998975,4.56635e-05,0.000809133,0.000170423,
0.988867,1.39686e-05,0.0108983,0.000220669,
1,2.58453e-08,1.75626e-08,3.26156e-07,
1,2.73515e-09,7.89428e-09,3.82784e-07,
0.999995,1.15627e-08,3.88159e-07,5.09443e-06,
1,1.20299e-08,8.04329e-09,1.7099e-07,
0.999999,2.18e-08,3.18456e-08,6.96277e-07,
0.999307,8.23996e-05,0.000433896,0.000176996,
1,3.71983e-09,6.33045e-09,1.7705e-07,
0.999998,1.9967e-08,6.5548e-08,1.66917e-06,
1,3.3873e-09,8.26612e-09,3.19411e-07,
1,1.20398e-09,2.17623e-09,7.02437e-08,
0.999998,1.48837e-08,5.33412e-08,1.54146e-06,
0.994672,1.90791e-07,0.00517101,0.000156995,
1,2.01027e-08,1.9812e-08,3.87822e-07,
0.999792,1.72622e-06,0.0001625,4.38704e-05,
1,3.60625e-09,5.03896e-09,1.31999e-07,
1,1.63534e-09,4.58779e-09,2.20787e-07,
0.999999,2.13818e-08,3.41084e-08,7.77638e-07,
0.999994,2.62673e-08,6.22591e-07,5.23402e-06,
0.999998,7.69178e-08,1.07645e-07,1.8549e-06,
1,5.52325e-09,8.66368e-09,2.2459e-07,
0.999948,1.61317e-05,5.26874e-06,3.03372e-05,
0.999398,1.07556e-05,0.000494217,9.6695e-05,
0.978065,7.90364e-06,0.0217008,0.000226581,
1,3.23909e-10,1.03421e-09,5.75033e-08,
0.999916,8.18366e-08,5.59045e-05,2.77093e-05,
0.999997,1.94292e-08,1.20933e-07,2.50543e-06,
0.999999,1.32756e-08,3.74117e-08,1.15111e-06,
0.999999,2.21498e-08,2.59623e-08,5.21406e-07,
1,2.37596e-09,7.46885e-09,4.11989e-07,
0.999999,3.44469e-09,1.04013e-08,5.0978e-07,
0.999998,3.66063e-09,3.45797e-08,1.95313e-06,
3.35099e-05,0.999745,6.69507e-07,0.000220484,
2.88185e-05,0.999581,4.45555e-07,0.000389628,
2.78836e-05,0.998392,3.92217e-07,0.00157964,
4.87261e-05,0.999647,1.87653e-06,0.000302848,
4.21526e-05,0.999299,1.75172e-06,0.000657093,
3.11509e-05,0.999203,6.40118e-07,0.000765206,
0.000103431,0.999784,3.23127e-06,0.000109102,
3.34254e-05,0.996979,1.09463e-06,0.00298608,
6.68775e-05,0.98664,0.000109012,0.0131841,
5.3556e-05,0.99666,1.0311e-05,0.0032757,
5.19685e-05,0.973026,7.16111e-05,0.0268502,
1.93813e-05,0.999582,3.12689e-08,0.000398509,
2.46866e-05,0.999919,2.44467e-07,5.59361e-05,
2.61863e-05,0.998867,2.82394e-07,0.00110626,
7.14855e-05,0.997364,2.32053e-05,0.00254119,
6.27874e-05,0.999723,2.58888e-06,0.000211791,
6.89107e-05,0.9962,2.99582e-05,0.00370093,
4.37131e-05,0.999791,1.17189e-06,0.000164566,
2.75062e-05,0.999623,3.71562e-07,0.000348667,
2.57765e-05,0.999739,2.88243e-07,0.000234631,
4.01148e-05,0.907464,6.22977e-05,0.0924338,
2.5326e-05,0.99986,2.69709e-07,0.00011445,
3.15638e-05,0.999718,5.75058e-07,0.000250078,
6.03571e-05,0.989044,5.49433e-05,0.0108407,
3.48262e-05,0.99987,6.1561e-07,9.4486e-05,
2.41352e-05,0.999814,2.26201e-07,0.000161368,
3.52335e-05,0.999597,8.59682e-07,0.000366871,
2.79228e-05,0.999653,3.91746e-07,0.00031894,
3.63303e-05,0.998025,1.46777e-06,0.00193738,
4.01632e-05,0.99875,1.87391e-06,0.00120789,
5.97742e-05,0.986105,6.87788e-05,0.0137665,
2.94224e-05,0.999803,4.41685e-07,0.000167481,
8.90667e-05,0.988951,0.000248702,0.0107116,
2.12791e-05,0.999908,1.49692e-07,7.05981e-05,
3.80603e-05,0.998337,1.69105e-06,0.0016232,
3.72252e-05,0.999865,7.14761e-07,9.72325e-05,
2.87233e-05,0.992395,3.93945e-07,0.00757572,
3.17174e-05,0.999125,6.96504e-07,0.000842533,
2.766e-05,0.998356,3.73858e-07,0.00161562,
6.89479e-05,0.999322,6.07177e-06,0.000602948,
3.71574e-05,0.996625,1.95765e-06,0.00333604,
3.39455e-05,0.999424,8.29144e-07,0.000541634,
6.1513e-05,0.998988,6.36058e-06,0.000944242,
3.74567e-05,0.999833,7.80279e-07,0.00012844,
2.53346e-05,0.999577,2.63177e-07,0.000397297,
2.60624e-05,0.999707,3.00539e-07,0.00026662,
4.61039e-05,0.999613,1.7284e-06,0.000339179,
6.59717e-05,0.99955,4.01919e-06,0.000379517,
1.22905e-05,0.29602,0.000258688,0.703709,
3.03682e-05,0.999861,4.55238e-07,0.000107741,
3.7687e-05,0.999537,1.08831e-06,0.000424431,
3.71853e-05,0.998612,1.44974e-06,0.00134954,
3.54549e-05,0.998147,1.29331e-06,0.00181597,
2.91992e-05,0.972969,1.33317e-07,0.0270016,
3.59032e-05,0.999252,1.06698e-06,0.00071119,
4.50271e-05,0.999133,2.3523e-06,0.000819896,
5.10831e-05,0.997899,6.03961e-06,0.00204412,
3.76512e-05,0.95717,1.02076e-05,0.0427824,
3.54854e-05,0.999292,1.01065e-06,0.000671611,
3.32461e-05,0.999391,7.80827e-07,0.000575324,
2.61884e-05,0.999691,3.06182e-07,0.000282409,
6.94782e-05,0.999747,2.77771e-06,0.000180913,
4.15951e-05,0.999795,1.05045e-06,0.000162375,
7.29213e-05,0.999742,2.99649e-06,0.000182368,
3.37988e-05,0.99985,6.01101e-07,0.000115411,
3.07288e-05,0.999442,5.80954e-07,0.000526427,
2.73864e-05,0.999124,3.66103e-07,0.000848583,
3.15543e-05,0.997576,7.78567e-07,0.00239124,
7.37119e-05,0.997941,1.98149e-05,0.00196559,
2.63997e-05,0.999571,3.15187e-07,0.000401975,
2.90523e-05,0.980219,2.96595e-07,0.0197521,
4.50385e-05,0.938954,8.23804e-05,0.0609182,
3.68808e-05,0.999661,9.35346e-07,0.000301355,
4.02305e-05,0.999423,1.41582e-06,0.000535458,
3.73138e-05,0.999682,9.4761e-07,0.000280143,
2.58937e-05,0.996869,1.93573e-07,0.0031046,
2.70208e-05,0.999746,3.42766e-07,0.000226638,
2.57535e-05,0.996744,1.78084e-07,0.00323023,
4.23002e-05,0.999638,1.36513e-06,0.000318771,
2.9153e-05,0.999812,4.26996e-07,0.000158046,
5.71326e-05,0.999635,2.65143e-06,0.00030545,
2.95067e-05,0.998011,5.35662e-07,0.00195941,
2.34845e-05,0.999812,2.02745e-07,0.000164499,
2.99766e-05,0.997087,5.91734e-07,0.00288238,
2.21892e-05,0.99962,1.34028e-07,0.000357476,
3.22136e-05,0.999113,7.4233e-07,0.000854468,
2.58166e-05,0.999623,2.87686e-07,0.000350875,
5.11189e-05,0.985902,3.11124e-05,0.0140153,
2.5909e-05,0.999531,2.89464e-07,0.000442829,
5.18426e-05,0.998908,4.11581e-06,0.0010361,
3.16223e-05,0.999681,5.90266e-07,0.000286471,
2.54119e-05,0.999151,2.47563e-07,0.000823555,
3.8586e-05,0.999582,1.12757e-06,0.000378096,
4.41163e-05,0.999804,1.15732e-06,0.000150554,
4.5232e-05,0.99979,1.25407e-06,0.000163616,
3.08677e-05,0.99975,5.27229e-07,0.000218529,
3.48877e-05,0.999654,8.04662e-07,0.000309966,
6.43335e-05,0.998222,1.15225e-05,0.0017022,
2.87149e-05,0.999167,4.56442e-07,0.000803464,
3.20597e-05,0.99933,6.96973e-07,0.000636804,
3.42947e-05,0.999821,6.52687e-07,0.000144127,
4.17039e-05,0.999671,1.26968e-06,0.000285646,
6.74976e-05,0.999711,2.97268e-06,0.000218583,
4.82224e-05,0.999818,1.30551e-06,0.000132117,
0.000105883,0.999374,1.16835e-05,0.000507966,
2.98436e-05,0.999158,5.39994e-07,0.000811456,
3.29571e-05,0.997609,9.72148e-07,0.00235756,
3.01904e-05,0.999057,5.72788e-07,0.000912043,
5.51639e-05,0.999717,2.12284e-06,0.000226142,
8.48147e-05,0.999114,1.18805e-05,0.000789005,
2.58485e-05,0.999746,2.91371e-07,0.000227491,
2.2492e-05,0.999571,1.40182e-07,0.000406826,
5.0942e-05,0.999701,1.88698e-06,0.000246428,
2.45273e-05,0.997198,1.01038e-07,0.00277769,
2.73579e-05,0.998071,3.44187e-07,0.0019015,
2.72508e-05,0.999859,3.38905e-07,0.000113534,
2.08864e-05,0.999844,1.2402e-07,0.000135308,
3.08944e-05,0.999892,4.49706e-07,7.67413e-05,
5.74957e-05,0.984265,6.56303e-05,0.0156116,
3.21575e-05,0.995862,9.29616e-07,0.00410485,
4.77008e-05,0.996762,6.19787e-06,0.00318373,
3.64744e-05,0.996032,1.88469e-06,0.00392962,
2.75923e-05,0.993363,2.67194e-07,0.00660884,
5.51785e-05,0.998826,5.21245e-06,0.00111338,
3.30867e-05,0.999892,5.22107e-07,7.45977e-05,
2.95643e-05,0.99967,4.77091e-07,0.000299962,
3.05073e-05,0.999783,4.98077e-07,0.000186042,
2.49033e-05,0.998685,1.96569e-07,0.00129026,
2.95973e-05,0.977735,6.24997e-08,0.0222349,
2.95495e-05,0.986045,4.60247e-07,0.013925,
3.09798e-05,0.99904,6.40346e-07,0.000928669,
2.98119e-05,0.999568,5.05492e-07,0.000401881,
4.0075e-05,0.999827,9.08885e-07,0.000131552,
2.83257e-05,0.99984,3.8477e-07,0.000131324,
2.48907e-05,0.999792,2.53329e-07,0.000182884,
4.03578e-05,0.999522,1.33708e-06,0.000436753,
8.81894e-05,0.998834,1.71597e-05,0.00106112,
3.11058e-05,0.99895,6.58362e-07,0.0010181,
2.52205e-05,0.999881,2.64933e-07,9.35792e-05,
4.31109e-05,0.996323,4.24412e-06,0.00362978,
2.74458e-05,0.99982,3.53654e-07,0.000151903,
6.05429e-05,0.999545,3.43409e-06,0.000390771,
3.58147e-05,0.999603,8.98552e-07,0.000360012,
4.45637e-05,0.951723,5.34967e-05,0.0481787,
7.99177e-05,0.99972,3.57938e-06,0.00019669,
3.19171e-05,0.999478,6.5932e-07,0.000489528,
3.11212e-05,0.997838,7.15091e-07,0.00213065,
3.69247e-05,0.999063,1.25295e-06,0.000898744,
3.67032e-05,0.999186,1.17811e-06,0.000776327,
2.58949e-05,0.997784,2.24775e-07,0.00218987,
2.72819e-05,0.999382,3.61837e-07,0.000590076,
4.12306e-05,0.999562,1.37255e-06,0.000394907,
2.64666e-05,0.997626,2.62357e-07,0.00234719,
5.44472e-05,0.999588,2.59051e-06,0.000354964,
3.89874e-05,0.999601,1.14272e-06,0.000358443,
3.96937e-05,0.915597,4.70446e-05,0.0843162,
8.42242e-05,0.999233,1.01365e-05,0.000672614,
5.63298e-05,0.999401,3.51972e-06,0.000538715,
4.70699e-05,0.999374,2.28698e-06,0.000576987,
2.89814e-05,0.997962,4.84663e-07,0.00200899,
3.5748e-05,0.804707,0.000144208,0.195113,
3.94589e-05,0.999185,1.50499e-06,0.000774404,
3.14713e-05,0.991355,8.71991e-07,0.00861243,
2.6452e-05,0.99918,3.08779e-07,0.000793071,
2.55261e-05,0.999026,2.48553e-07,0.000947808,
2.77153e-05,0.999881,3.48993e-07,9.08972e-05,
2.59808e-05,0.999711,2.96916e-07,0.000263138,
2.41017e-05,0.998828,1.59112e-07,0.00114762,
7.08815e-05,0.999005,8.97619e-06,0.000915339,
2.29635e-05,0.998229,4.85847e-08,0.00174776,
2.60243e-05,0.999508,2.94618e-07,0.000465882,
3.48158e-05,0.99973,7.53426e-07,0.000234766,
3.68284e-05,0.999107,1.22427e-06,0.000855235,
4.24276e-05,0.999209,1.8773e-06,0.000746701,
4.05258e-05,0.999329,1.52782e-06,0.000628745,
4.06212e-05,0.999453,1.42825e-06,0.000504454,
3.89987e-05,0.999751,9.79181e-07,0.000209097,
6.15883e-05,0.996227,1.98423e-05,0.00369159,
2.11505e-05,0.999879,1.3939e-07,9.92292e-05,
4.94604e-05,0.999634,1.97429e-06,0.00031482,
3.90657e-05,0.993439,3.47383e-06,0.0065181,
2.85368e-05,0.999731,4.15174e-07,0.000240147,
2.42961e-05,0.999801,2.31248e-07,0.000174249,
3.62336e-05,0.999539,9.67456e-07,0.000423897,
2.37781e-05,0.99895,1.49427e-07,0.00102637,
5.75071e-05,0.993491,2.55151e-05,0.00642588,
2.88502e-05,0.985873,3.28433e-07,0.0140981,
2.87442e-05,0.998241,4.6361e-07,0.00172962,
3.74879e-05,0.999086,1.31229e-06,0.000875166,
7.9716e-05,0.997053,3.62851e-05,0.00283075,
4.06995e-05,0.962127,1.84962e-05,0.0378138,
2.20776e-05,0.9995,1.16906e-07,0.000477461,
2.81178e-05,0.998881,4.15069e-07,0.00109064,
3.08243e-05,0.999499,5.79602e-07,0.000469652,
3.57228e-05,0.999325,1.02125e-06,0.000638085,
3.98363e-05,0.99969,1.11078e-06,0.000268927,
3.89956e-05,0.999573,1.16917e-06,0.00038672,
3.92939e-05,0.999213,1.46627e-06,0.0007462,
3.48595e-05,0.997334,1.31818e-06,0.00263003,
4.80694e-05,0.999716,1.63485e-06,0.000234231,
7.75892e-09,6.28666e-15,1,1.1163e-07,
0.018191,6.58379e-06,0.981717,8.58414e-05,
9.82429e-09,1.31727e-15,0.999999,5.02428e-07,
1.07454e-05,1.88778e-11,0.999987,2.03141e-06,
8.81283e-09,1.44743e-16,0.999997,2.58288e-06,
0.00142212,2.14649e-10,0.998469,0.000108962,
6.21559e-08,6.51814e-15,0.999999,1.41494e-06,
0.00194193,1.27632e-09,0.99801,4.77376e-05,
8.43594e-08,8.10646e-15,0.999998,1.74092e-06,
4.27987e-07,4.59505e-13,0.999999,6.04852e-07,
1.91438e-10,8.33018e-15,1,1.11101e-09,
7.23536e-08,1.17354e-13,1,1.92381e-07,
4.64077e-06,3.76522e-13,0.999983,1.23033e-05,
0.0057087,4.23078e-09,0.994216,7.50328e-05,
6.61335e-07,5.63719e-14,0.999994,4.87901e-06,
3.10956e-07,1.33604e-10,1,3.74688e-08,
1.22417e-05,2.94552e-11,0.999986,1.76677e-06,
4.6358e-07,1.90902e-15,0.999954,4.55141e-05,
0.000263347,4.53612e-09,0.999733,3.53813e-06,
0.000243173,1.22656e-11,0.999651,0.000105869,
9.09805e-05,1.4819e-12,0.999751,0.000158139,
7.46853e-05,2.95371e-10,0.999922,3.25559e-06,
2.28489e-07,7.86478e-12,1,5.16722e-08,
8.55144e-06,1.77683e-10,0.999991,4.66801e-07,
1.04787e-07,2.43847e-14,0.999999,9.72269e-07,
0.0137886,4.05006e-07,0.986169,4.22583e-05,
4.03445e-07,2.44615e-11,1,5.73181e-08,
1.33626e-07,4.72961e-13,1,1.49293e-07,
4.24113e-09,3.6914e-15,1,7.95359e-08,
3.06352e-07,1.93835e-13,0.999999,7.57833e-07,
0.00101406,6.34729e-10,0.99895,3.59615e-05,
0.00135669,2.65459e-09,0.998622,2.1069e-05,
6.82879e-07,2.05148e-14,0.999988,1.10981e-05,
4.31023e-08,3.83623e-15,0.999999,1.36153e-06,
0.000131181,6.31528e-13,0.999396,0.000473237,
0.00263971,1.28023e-10,0.997039,0.000321108,
1.80352e-05,1.96485e-10,0.999981,9.22163e-07,
7.23503e-05,4.51329e-09,0.999926,1.33319e-06,
5.73616e-07,8.59869e-13,0.999999,5.4896e-07,
5.99664e-07,4.14022e-12,0.999999,2.02932e-07,
6.15237e-08,4.58171e-13,1,6.1889e-08,
1.5427e-07,3.07956e-15,0.999992,7.88262e-06,
6.48798e-05,4.36388e-11,0.999926,9.17394e-06,
8.157e-06,3.89289e-10,0.999991,3.5496e-07,
4.42215e-07,1.66902e-12,0.999999,2.56993e-07,
9.17938e-06,6.04195e-11,0.99999,8.36366e-07,
1.28408e-08,1.75724e-15,0.999999,5.58847e-07,
1.20762e-07,1.52467e-14,0.999998,1.65954e-06,
3.24759e-08,1.20093e-13,1,7.26632e-08,
0.000105819,6.60055e-11,0.999882,1.21913e-05,
2.4534e-07,3.89745e-14,0.999998,1.92561e-06,
2.60461e-05,1.24945e-10,0.999972,1.70446e-06,
2.26027e-07,2.08513e-13,0.999999,4.98307e-07,
4.78588e-10,6.59003e-17,1,1.23565e-07,
2.14307e-07,1.0137e-14,0.999995,4.62062e-06,
1.00213e-06,4.84576e-11,0.999999,1.03606e-07,
2.28108e-07,1.5996e-11,1,3.95208e-08,
8.68492e-08,6.21597e-16,0.999986,1.39601e-05,
0.00606759,1.31687e-07,0.993908,2.41966e-05,
0.00078713,2.3137e-11,0.998946,0.000267194,
9.35608e-06,8.51468e-12,0.999988,2.95927e-06,
1.27837e-05,6.87121e-11,0.999986,1.11063e-06,
7.6982e-06,4.81403e-12,0.999989,3.50165e-06,
5.54858e-10,2.88456e-17,1,2.92076e-07,
8.88032e-11,2.42229e-17,1,3.27821e-08,
1.02485e-07,6.17255e-14,0.999999,4.69642e-07,
0.0312683,8.8531e-09,0.968428,0.000303717,
9.15915e-09,6.73483e-16,0.999999,7.83709e-07,
0.0285009,5.46208e-06,0.971392,0.00010135,
0.000819921,5.48426e-08,0.999173,6.67012e-06,
3.13793e-11,6.92713e-18,1,2.41344e-08,
3.59301e-05,3.95287e-11,0.999959,4.96937e-06,
2.36498e-05,2.08481e-08,0.999976,8.20767e-07,
2.53444e-10,2.24157e-13,1,4.06526e-10,
1.77601e-07,9.53866e-16,0.999976,2.41255e-05,
2.55933e-09,1.41379e-14,1,1.58599e-08,
1.0374e-10,4.19615e-16,1,4.2146e-09,
2.8177e-07,1.6529e-13,0.999999,7.7028e-07,
2.68248e-09,2.63772e-17,0.999998,2.32704e-06,
3.07919e-07,1.90923e-13,0.999999,7.71031e-07,
3.12436e-07,4.72941e-12,1,9.18411e-08,
5.75901e-05,9.75833e-10,0.999941,1.47037e-06,
3.31602e-05,5.94164e-11,0.999963,3.48017e-06,
0.000642829,3.32311e-09,0.999348,8.83691e-06,
0.00011224,6.01357e-11,0.999874,1.38932e-05,
3.18489e-11,6.76001e-16,1,7.11537e-10,
4.83877e-05,5.53675e-11,0.999946,5.59228e-06,
2.47623e-08,5.80624e-14,1,8.81213e-08,
0.000235255,7.49848e-10,0.999758,6.59984e-06,
6.81047e-05,1.46466e-10,0.999927,4.43072e-06,
2.45316e-07,6.17745e-13,1,2.53691e-07,
5.663e-08,1.62972e-13,1,1.13533e-07,
1.40319e-07,1.00343e-13,0.999999,4.79384e-07,
6.82064e-05,1.56715e-11,0.999912,1.97845e-05,
8.97347e-08,1.50732e-12,1,4.54354e-08,
9.68608e-08,1.0213e-15,0.999989,1.07006e-05,
4.48333e-11,1.44901e-16,1,3.3416e-09,
1.52971e-09,2.72519e-16,1,1.71057e-07,
3.36152e-09,6.9303e-17,0.999999,1.39701e-06,
6.04998e-05,1.27689e-10,0.999935,4.22607e-06,
3.89075e-05,1.56669e-10,0.999959,2.30931e-06,
7.94861e-05,3.46632e-13,0.99951,0.000410575,
0.425167,3.50587e-07,0.57434,0.000492747,
2.63423e-08,3.23871e-15,0.999999,8.44354e-07,
0.000220346,4.726e-09,0.999777,3.03045e-06,
1.00026e-05,1.58563e-12,0.999979,1.06284e-05,
0.0158971,4.3262e-07,0.984056,4.62272e-05,
2.24549e-06,9.90387e-13,0.999995,2.51431e-06,
0.000908367,2.0503e-09,0.999076,1.58924e-05,
1.50187e-05,3.29141e-11,0.999983,2.07384e-06,
0.010081,7.00837e-08,0.989881,3.78269e-05,
0.0328716,6.87075e-10,0.965334,0.00179456,
0.000907316,3.74493e-08,0.999086,6.96818e-06,
4.04942e-06,6.92088e-13,0.999989,6.62591e-06,
8.79236e-06,1.56133e-11,0.999989,1.82929e-06,
2.06413e-05,6.70502e-12,0.999971,8.8547e-06,
1.80153e-06,5.51791e-12,0.999998,5.88476e-07,
1.21179e-07,8.27605e-16,0.999983,1.67863e-05,
9.52992e-10,8.23294e-15,1,7.12509e-09,
1.99818e-06,3.14097e-12,0.999997,9.68416e-07,
1.25925e-06,2.48188e-13,0.999995,3.47596e-06,
3.96789e-05,5.86666e-09,0.999959,9.10864e-07,
9.85663e-07,2.06928e-12,0.999998,5.64411e-07,
2.21429e-07,2.20066e-14,0.999997,2.63331e-06,
2.35429e-05,3.89477e-10,0.999976,8.95237e-07,
1.44876e-08,5.17043e-15,1,2.80042e-07,
3.30095e-06,3.49232e-12,0.999995,1.62016e-06,
1.07589e-06,3.35365e-12,0.999998,4.5156e-07,
1.32925e-09,6.90974e-16,1,6.87778e-08,
0.0318528,1.04406e-07,0.968057,8.97729e-05,
0.00698114,4.439e-09,0.992928,9.06936e-05,
0.000237763,3.46825e-13,0.998206,0.00155668,
0.000468074,4.61932e-10,0.999513,1.85332e-05,
0.00257276,2.9334e-08,0.997412,1.50884e-05,
0.000236801,1.22882e-10,0.999743,2.02513e-05,
2.0931e-06,2.59658e-11,0.999998,2.75766e-07,
9.28044e-06,2.35351e-11,0.999989,1.49048e-06,
7.68493e-05,5.3582e-10,0.999921,2.46815e-06,
1.9771e-06,6.59671e-12,0.999997,5.82685e-07,
8.80998e-07,2.16153e-13,0.999997,2.50223e-06,
2.47683e-06,8.18313e-12,0.999997,6.55421e-07,
7.37345e-10,1.03328e-14,1,4.49979e-09,
3.99822e-05,3.31733e-10,0.999958,1.60424e-06,
5.11275e-08,6.31122e-13,1,4.09261e-08,
2.35798e-10,2.0257e-18,0.999999,8.92335e-07,
7.60205e-05,8.38677e-11,0.999917,7.12903e-06,
0.00028332,5.44481e-09,0.999713,3.60515e-06,
2.92072e-09,1.93752e-15,1,8.22276e-08,
9.2202e-07,1.44258e-13,0.999995,3.58024e-06,
0.0243116,5.69302e-08,0.975601,8.74457e-05,
9.74923e-07,1.06737e-12,0.999998,8.8317e-07,
6.42335e-06,1.15507e-11,0.999992,1.55702e-06,
1.46147e-06,5.9962e-09,0.999998,1.48382e-07,
0.00066017,1.10215e-10,0.999269,7.1161e-05,
0.0228741,4.05548e-08,0.977031,9.52548e-05,
2.90985e-06,1.66798e-11,0.999997,5.0408e-07,
0.00283032,1.46888e-06,0.997144,2.38535e-05,
1.35665e-07,3.75698e-13,1,1.78162e-07,
2.79309e-12,7.63785e-20,1,4.66228e-08,
0.000377305,7.32839e-13,0.998106,0.00151714,
3.53407e-05,2.16971e-11,0.999957,7.30908e-06,
6.92128e-07,3.73286e-13,0.999998,1.2499e-06,
2.37095e-06,3.80006e-11,0.999997,2.59221e-07,
0.000442553,8.31284e-09,0.999553,4.73662e-06,
0.000159948,9.19212e-10,0.999836,3.99602e-06,
3.4025e-08,1.00804e-12,1,2.01001e-08,
1.45785e-08,5.25312e-12,1,5.41014e-09,
2.47753e-07,1.55429e-14,0.999996,3.95793e-06,
4.48769e-07,1.00633e-14,0.999988,1.15722e-05,
9.48068e-10,2.00815e-16,1,1.19592e-07,
0.00045727,3.27824e-12,0.99894,0.00060257,
7.08351e-06,3.77207e-13,0.999972,2.04882e-05,
3.99298e-05,1.41432e-09,0.999959,9.80205e-07,
2.8746e-06,1.38429e-11,0.999997,5.568e-07,
7.66091e-09,2.02845e-13,1,9.84939e-09,
3.62788e-07,6.34118e-13,0.999999,3.95396e-07,
2.29349e-08,1.39137e-12,1,1.15672e-08,
0.0256718,1.29578e-09,0.97346,0.000868577,
0.00150194,1.08957e-09,0.998458,3.9627e-05,
0.000117087,5.09595e-11,0.999867,1.63297e-05,
0.0837886,4.26066e-07,0.916071,0.000139673,
4.4608e-05,1.92178e-09,0.999954,1.01567e-06,
0.000508458,7.2995e-09,0.999486,5.45549e-06,
0.0250396,1.57411e-07,0.974894,6.61999e-05,
7.41821e-06,4.83485e-12,0.999989,3.34215e-06,
4.26166e-08,5.35237e-14,1,1.80064e-07,
0.000490641,3.34462e-08,0.999505,4.71802e-06,
5.27032e-05,1.13598e-11,0.999929,1.83634e-05,
1.95965e-07,3.08887e-13,0.999999,3.16476e-07,
6.34465e-07,6.49206e-15,0.999974,2.51362e-05,
1.32914e-06,3.2021e-12,0.999998,5.94615e-07,
2.20425e-10,9.25363e-18,1,2.29899e-07,
1.85577e-06,1.31453e-12,0.999997,1.63441e-06,
4.52887e-05,4.8347e-11,0.999949,5.66916e-06,
3.25029e-08,1.65493e-13,1,5.8239e-08,
0.00176289,4.54629e-11,0.997815,0.000422236,
1.30257e-06,3.33042e-12,0.999998,5.65759e-07,
2.86705e-08,1.16455e-12,1,1.56595e-08,
6.07609e-06,1.29244e-13,0.999955,3.85851e-05,
4.37716e-08,1.05619e-13,1,1.13592e-07,
4.45106e-14,4.84934e-10,1.03486e-06,0.999999,
3.60332e-09,6.84383e-05,2.0085e-06,0.99993,
7.65314e-10,1.13278e-05,2.20723e-07,0.999988,
2.15696e-09,3.96022e-05,1.63375e-06,0.999959,
3.31599e-09,6.12492e-05,1.44236e-06,0.999937,
2.81258e-14,4.78469e-10,3.71286e-05,0.999963,
4.11728e-11,5.50077e-07,3.23091e-07,0.999999,
4.87873e-10,7.77953e-06,6.19433e-07,0.999992,
1.00436e-10,1.40917e-06,3.43443e-07,0.999998,
1.14948e-12,7.72315e-09,6.03471e-09,1,
7.69494e-11,9.71247e-07,1.40664e-07,0.999999,
4.11805e-08,0.000858905,2.40724e-06,0.999139,
6.11148e-13,4.23867e-09,1.05675e-08,1,
1.75735e-11,1.89545e-07,6.97665e-08,1,
2.83219e-10,4.22227e-06,3.90009e-07,0.999995,
4.3509e-10,6.71223e-06,4.56584e-07,0.999993,
8.02178e-08,0.00169202,1.96936e-06,0.998306,
5.18542e-09,0.0001091,7.43549e-06,0.999883,
1.37551e-13,3.1041e-09,0.000245522,0.999754,
5.43933e-08,0.00112495,1.76159e-06,0.998873,
2.14051e-06,0.0532344,1.71121e-05,0.946746,
3.01008e-11,3.41572e-07,8.38654e-08,1,
2.41831e-11,4.13632e-07,4.4138e-06,0.999995,
2.12102e-07,0.00510159,2.54202e-05,0.994873,
6.78917e-10,9.8515e-06,1.89932e-07,0.99999,
1.23537e-11,1.38119e-07,1.13014e-07,1,
2.28648e-12,1.85319e-08,1.80727e-08,1,
4.80172e-10,1.21085e-05,0.000211486,0.999776,
5.29916e-09,0.000105717,3.33986e-06,0.999891,
3.07964e-16,4.09415e-12,2.65269e-05,0.999973,
3.36114e-08,0.000742261,7.6423e-06,0.99925,
5.68943e-06,0.144677,2.34856e-05,0.855294,
2.39235e-11,2.72336e-07,9.64857e-08,1,
1.9829e-16,3.81339e-13,1.30157e-10,1,
1.61704e-18,6.29032e-15,9.44216e-08,1,
1.9338e-10,2.86573e-06,4.38795e-07,0.999997,
6.42012e-10,9.99835e-06,4.18969e-07,0.99999,
1.25535e-08,0.000254261,2.79198e-06,0.999743,
7.16875e-07,0.0173101,1.24936e-05,0.982677,
3.99957e-10,5.94061e-06,3.17528e-07,0.999994,
2.84276e-08,0.000561228,1.20429e-06,0.999438,
7.76505e-14,7.53916e-10,3.45762e-07,1,
1.50691e-10,2.12458e-06,2.97832e-07,0.999998,
5.02883e-09,0.000133174,0.000566061,0.999301,
3.35553e-09,5.81943e-05,6.40627e-07,0.999941,
8.34382e-09,0.000163232,2.03034e-06,0.999835,
1.32019e-16,2.65085e-13,2.09372e-10,1,
1.13197e-14,1.48422e-10,6.91932e-06,0.999993,
3.55163e-08,0.000787782,8.10996e-06,0.999204,
1.98319e-11,2.38447e-07,1.71863e-07,1,
2.3585e-10,5.60412e-06,9.87679e-05,0.999896,
3.71525e-08,0.000827305,8.57731e-06,0.999164,
2.13705e-10,3.11708e-06,3.55729e-07,0.999997,
5.37386e-08,0.00120452,8.1957e-06,0.998787,
1.61237e-08,0.000320868,1.87043e-06,0.999677,
7.13061e-16,7.1808e-12,2.95609e-06,0.999997,
7.82555e-12,7.29508e-08,3.02056e-08,1,
5.57298e-14,6.70002e-10,2.001e-06,0.999998,
3.6158e-06,0.0911011,3.62336e-05,0.908859,
2.63321e-13,3.9e-09,5.90826e-06,0.999994,
1.26241e-09,2.45168e-05,4.23262e-06,0.999971,
3.33048e-09,6.34087e-05,2.15161e-06,0.999934,
9.00683e-09,0.000185562,4.25664e-06,0.99981,
3.13615e-09,5.39772e-05,6.03546e-07,0.999945,
8.56268e-12,1.20905e-07,1.06008e-06,0.999999,
4.32411e-16,2.59879e-12,1.15882e-07,1,
5.0748e-09,9.88126e-05,2.41044e-06,0.999899,
1.91162e-07,0.00432817,4.89354e-06,0.995667,
9.46113e-11,1.36119e-06,4.52401e-07,0.999998,
1.48824e-10,1.96408e-06,1.55997e-07,0.999998,
3.67393e-20,1.49735e-16,6.46108e-07,0.999999,
2.43615e-08,0.000532977,7.4416e-06,0.99946,
3.63879e-09,8.12845e-05,2.15559e-05,0.999897,
2.6919e-13,1.73696e-09,9.32019e-09,1,
2.06042e-10,3.00167e-06,3.57487e-07,0.999997,
6.61238e-12,6.37001e-08,4.31197e-08,1,
3.57975e-09,6.25272e-05,6.77455e-07,0.999937,
1.3992e-09,2.43988e-05,1.05481e-06,0.999975,
1.74813e-14,7.92733e-11,3.06798e-09,1,
1.39315e-09,2.28626e-05,5.15403e-07,0.999977,
1.91798e-07,0.00433226,4.612e-06,0.995663,
9.84659e-16,4.42914e-12,1.19518e-08,1,
2.16461e-12,1.68066e-08,1.32647e-08,1,
3.16486e-09,5.97494e-05,1.96778e-06,0.999938,
5.1091e-16,8.30899e-12,9.01787e-05,0.99991,
3.50194e-10,5.16633e-06,3.15541e-07,0.999995,
1.41157e-08,0.000273381,1.33388e-06,0.999725,
4.55656e-10,1.08291e-05,8.86351e-05,0.999901,
5.76094e-13,4.31844e-09,1.95589e-08,1,
6.65542e-09,0.000125325,1.32498e-06,0.999873,
9.08652e-11,1.16758e-06,1.53677e-07,0.999999,
1.53526e-11,1.63332e-07,6.61617e-08,1,
7.66954e-08,0.00172938,7.74404e-06,0.998263,
1.7062e-12,1.5088e-08,4.15717e-08,1,
7.54548e-08,0.00188185,0.000129273,0.997989,
3.98114e-12,4.15776e-08,1.07646e-07,1,
2.76309e-11,7.51077e-07,0.000704548,0.999295,
8.44173e-16,4.90597e-12,6.88636e-08,1,
4.80406e-12,4.46886e-08,3.78016e-08,1,
1.98965e-07,0.0044975,4.57744e-06,0.995498,
1.97362e-09,3.45526e-05,9.39434e-07,0.999965,
2.13576e-09,3.5299e-05,4.50658e-07,0.999964,
3.57032e-09,6.11493e-05,5.3074e-07,0.999938,
2.12388e-07,0.00536555,0.000404329,0.99423,
2.34973e-11,2.79703e-07,1.45053e-07,1,
1.65733e-09,2.82664e-05,7.44952e-07,0.999971,
1.80356e-13,3.82071e-09,0.000133927,0.999866,
8.1446e-10,1.22856e-05,2.62395e-07,0.999987,
3.59337e-10,5.06393e-06,1.93726e-07,0.999995,
1.4316e-11,2.87452e-07,2.65503e-05,0.999973,
1.80942e-09,3.10286e-05,7.61744e-07,0.999968,
5.88744e-11,6.73133e-07,6.4264e-08,0.999999,
9.64197e-10,1.64698e-05,9.82308e-07,0.999983,
1.00986e-07,0.00222159,3.89097e-06,0.997774,
1.55081e-14,1.26239e-10,1.90223e-07,1,
2.00735e-11,2.28823e-07,1.06289e-07,1,
2.53514e-14,1.31866e-10,6.51185e-09,1,
8.49558e-09,0.000172099,3.37558e-06,0.999825,
3.56955e-05,0.857885,4.85965e-05,0.14203,
3.97563e-15,9.35775e-11,0.000758281,0.999242,
3.14422e-09,5.55802e-05,8.41601e-07,0.999944,
1.82784e-11,2.0334e-07,8.96872e-08,1,
6.84521e-12,6.10553e-08,2.24597e-08,1,
4.34448e-10,6.88599e-06,6.12299e-07,0.999993,
1.76463e-09,2.94436e-05,5.56052e-07,0.99997,
7.58424e-16,2.40354e-12,1.43391e-09,1,
1.6283e-07,0.00373757,7.61207e-06,0.996255,
2.2146e-10,2.98668e-06,1.58421e-07,0.999997,
1.00086e-11,1.11988e-07,1.25661e-07,1,
2.1581e-10,3.36949e-06,7.18263e-07,0.999996,
1.866e-09,3.06289e-05,4.45444e-07,0.999969,
2.76132e-09,5.10261e-05,1.58229e-06,0.999947,
5.183e-11,8.45972e-07,2.07026e-06,0.999997,
2.26479e-15,7.71096e-12,1.30107e-09,1,
5.63513e-10,9.14578e-06,7.03848e-07,0.99999,
8.07171e-11,9.8602e-07,1.01029e-07,0.999999,
6.52473e-11,7.6464e-07,7.64767e-08,0.999999,
3.32427e-12,4.42455e-08,9.20271e-07,0.999999,
5.86921e-11,7.39033e-07,1.56842e-07,0.999999,
1.88854e-11,4.11706e-07,5.8889e-05,0.999941,
6.76697e-12,6.18419e-08,2.75739e-08,1,
4.71378e-12,4.56808e-08,5.34155e-08,1,
1.2565e-10,1.7077e-06,2.25898e-07,0.999998,
4.74086e-10,9.25885e-06,6.56911e-06,0.999984,
3.71458e-09,6.66331e-05,9.32888e-07,0.999932,
7.52091e-14,1.34663e-09,4.16302e-05,0.999958,
7.05577e-14,3.94188e-10,6.44768e-09,1,
8.79206e-09,0.000169397,1.58681e-06,0.999829,
3.47548e-10,5.27662e-06,4.28513e-07,0.999994,
6.00393e-12,8.10706e-08,8.20011e-07,0.999999,
8.56875e-10,1.31122e-05,2.99118e-07,0.999987,
9.32636e-08,0.00205156,4.08002e-06,0.997944,
1.73289e-10,2.9631e-06,2.087e-06,0.999995,
4.16885e-10,6.47823e-06,5.03873e-07,0.999993,
4.89653e-09,8.73169e-05,7.49739e-07,0.999912,
1.21644e-16,2.12369e-13,9.40846e-11,1,
4.98225e-10,1.19904e-05,0.000104751,0.999883,
3.72055e-09,6.59494e-05,8.00149e-07,0.999933,
5.15864e-12,9.34896e-08,1.30118e-05,0.999987,
1.82552e-17,2.29097e-13,4.72704e-05,0.999953,
3.15738e-11,3.79306e-07,1.3692e-07,0.999999,
4.73315e-11,6.45061e-07,3.6612e-07,0.999999,
7.52084e-14,1.15211e-09,1.18908e-05,0.999988,
2.98508e-07,0.00694538,7.26324e-06,0.993047,
6.7616e-08,0.00144458,2.78273e-06,0.998553,
3.02844e-09,5.11566e-05,4.883e-07,0.999948,
1.77418e-08,0.000353042,1.77519e-06,0.999645,
2.21001e-09,3.79539e-05,7.02188e-07,0.999961,
1.21113e-12,2.56102e-08,8.31503e-05,0.999917,
6.28563e-15,2.24232e-11,1.04451e-09,1,
8.43631e-10,1.26164e-05,2.34646e-07,0.999987,
4.38115e-12,3.9758e-08,3.23171e-08,1,
2.17725e-10,2.95158e-06,1.68251e-07,0.999997,
9.56167e-10,1.61568e-05,8.69134e-07,0.999983,
2.56433e-08,0.000543413,4.10172e-06,0.999452,
1.62737e-17,9.26814e-14,3.43462e-07,1,
6.97999e-10,1.16403e-05,8.65118e-07,0.999987,
1.50354e-08,0.000315774,4.57078e-06,0.99968,
7.67633e-08,0.001729,7.55501e-06,0.998263,
1.1997e-06,0.0294298,1.56103e-05,0.970553,
4.51419e-13,6.34063e-09,3.14423e-06,0.999997,
1.40939e-09,3.19978e-05,3.58814e-05,0.999932,
4.51412e-11,5.81272e-07,2.19075e-07,0.999999,
5.82365e-11,8.29714e-07,5.11301e-07,0.999999,
1.65155e-10,2.30648e-06,2.59228e-07,0.999997,
7.83903e-13,5.79546e-09,1.51258e-08,1,
3.31525e-07,0.00768854,6.12899e-06,0.992305,
3.13824e-12,7.20149e-08,0.000147658,0.999852,
6.71072e-13,9.92465e-09,4.19323e-06,0.999996,
1.47898e-15,1.18664e-11,4.68837e-07,1,
3.69046e-10,5.80307e-06,6.06176e-07,0.999994,
4.25286e-09,8.12728e-05,2.02023e-06,0.999917,
1.87216e-12,2.96602e-08,5.29494e-06,0.999995,
2.22139e-13,4.22803e-09,5.07805e-05,0.999949,
3.87915e-07,0.00927533,1.41838e-05,0.99071,
1.0085e-05,0.256814,4.65622e-05,0.743129,
5.75921e-11,1.06851e-06,7.56378e-06,0.999991,
2.83711e-07,0.00675596,1.52698e-05,0.993228,
4.53497e-10,9.51158e-06,1.63384e-05,0.999974,
1.39718e-10,1.81459e-06,1.37727e-07,0.999998,
